{"cameraMode":{"drawMode":0,"name":"Shaded","section":"Shading Mode"},"sceneLighting":true,"audioPlay":false,"sceneViewState":{"m_AlwaysRefresh":false,"showFog":true,"showSkybox":true,"showFlares":true,"showImageEffects":true,"showParticleSystems":true,"showVisualEffectGraphs":true,"m_FxEnabled":true},"in2DMode":false,"pivot":{"x":-7.366484642028809,"y":2.578852415084839,"z":2.3947606086730959},"rotation":{"x":-0.30243778228759768,"y":0.03947761282324791,"z":-0.012445105239748955,"w":-0.9523329138755798},"size":1.130844235420227,"orthographic":false}