{"cameraMode":{"drawMode":0,"name":"Shaded","section":"Shading Mode"},"sceneLighting":false,"audioPlay":false,"sceneViewState":{"m_AlwaysRefresh":false,"showFog":true,"showSkybox":false,"showFlares":true,"showImageEffects":true,"showParticleSystems":true,"showVisualEffectGraphs":true,"m_FxEnabled":true},"in2DMode":false,"pivot":{"x":-0.3270813226699829,"y":0.1417781412601471,"z":-0.016058823093771936},"rotation":{"x":-0.11401606351137161,"y":-0.6915202736854553,"z":0.11199109256267548,"w":-0.7045217156410217},"size":0.08493637293577194,"orthographic":false}